listingID,page
679575238,1
968867504,1
673897724,1
563528353,1
845446839,1
770200795,1
862188930,1
875866317,1
574872986,1
854506910,1
824230978,1
902682583,1
877417965,1
850243370,1
982780269,1
982448429,1
968814850,1
893738185,1
892801565,1
834232128,1
817438493,1
647097956,1
897004373,1
773997711,1
493487638,1
590142057,2
575695668,2
889839046,2
982728365,2
982720297,2
898380930,2
982701241,2
476886736,2
968724726,2
890850689,2
968698524,2
886271077,2
590938773,2
982635045,2
968669712,2
804569791,2
982632265,2
829234584,2
847922313,2
657769915,2
626314601,2
544560053,2
530754380,2
982577443,2
849062167,2
627027963,3
752611673,3
823810410,3
982552921,3
968584536,3
968584130,3
982549467,3
968583436,3
266618928,3
968583092,3
982548247,3
982547859,3
982547465,3
265628078,3
881070043,3
604596422,3
968568648,3
621179258,3
261801431,3
982502895,3
843522703,3
891130186,3
491697779,3
632118053,3
844244947,3
982479983,4
479954060,4
781156453,4
609737878,4
935142889,4
254270338,4
968480936,4
982465703,4
244335018,4
978929023,4
60787541,4
752403374,4
643402937,4
598857617,4
733523616,4
577069248,4
758179494,4
968461160,4
230357960,4
909659900,4
266876576,4
899040211,4
972987223,4
594663155,4
185638763,4
927336172,5
223825900,5
813771139,5
588614210,5
951059678,5
687737088,5
126412003,5
702344898,5
760265394,5
607161626,5
872935675,5
812874337,5
701288892,5
225134877,5
861085098,5
555630613,5
924231615,5
980413819,5
552182176,5
637763518,5
847392586,5
857812616,5
772640618,5
772637982,5
789424734,5
489215032,6
558476287,6
754311254,6
965421614,6
625320636,6
625321020,6
858411959,6
982211085,6
184432572,6
737095039,6
905125763,6
190641851,6
864215537,6
645140257,6
168430142,6
877835662,6
841953635,6
845355278,6
675631730,6
968197104,6
838259791,6
888498701,6
623098165,6
968180926,6
945630373,6
883444380,7
767135992,7
982105587,7
836503873,7
91216853,7
982087619,7
721138322,7
594254431,7
934925155,7
224267354,7
676565076,7
595140041,7
968072440,7
700048594,7
891041600,7
936925132,7
749452055,7
978695769,7
652608022,7
958332426,7
890981642,7
981923333,7
967951560,7
967950034,7
843408947,7
981896017,8
967922826,8
546980688,8
897863995,8
233076157,8
125916978,8
967878846,8
967870500,8
812042064,8
675536564,8
929681988,8
711133031,8
708226950,8
949645051,8
659746445,8
930654459,8
676303556,8
967807736,8
279862886,8
899962713,8
184590703,8
387126650,8
667738908,8
659745753,8
810722368,8
900447684,9
265056849,9
617837107,9
786321423,9
527863501,9
168913365,9
766967947,9
521696638,9
285933033,9
622042771,9
890546984,9
285400667,9
868360331,9
751909235,9
751911539,9
838338735,9
749310096,9
909051034,9
744651758,9
642649853,9
972472893,9
527243452,9
731290589,9
510214803,9
562138206,9
605222421,10
798972150,10
920534996,10
849980590,10
489277467,10
199419434,10
94585247,10
247653876,10
259031943,10
690714390,10
965828155,10
930175566,10
899041717,10
268896403,10
923957718,10
128137336,10
593350680,10
232630217,10
612958576,10
810890540,10
803551844,10
238210022,10
482906076,10
888427571,10
981474697,10
810890540,11
803551844,11
238210022,11
482906076,11
888427571,11
981474697,11
689807157,11
526646446,11
591345491,11
643852247,11
581023610,11
890320244,11
741278890,11
838238909,11
967455266,11
981425945,11
216102845,11
776482741,11
846668618,11
587082260,11
678185345,11
859719853,11
785010192,11
725380407,11
711293814,11
253177139,12
981253059,12
981248711,12
824186156,12
889729662,12
889729356,12
981222055,12
903655143,12
643373468,12
949206064,12
974499817,12
262344483,12
967227932,12
967222864,12
904244361,12
967201840,12
792265183,12
981161087,12
786099249,12
786097311,12
981142991,12
677541053,12
904024043,12
725087190,12
725476199,12
981114923,13
774459900,13
941393507,13
981107191,13
222879492,13
786068361,13
904158783,13
122228602,13
681820910,13
981050531,13
615813919,13
824050056,13
824031122,13
904088041,13
981013715,13
894792838,13
890156286,13
904053577,13
964516422,13
904069015,13
740874149,13
558605785,13
744894616,13
722389842,13
247104618,13
822565623,14
980697815,14
819149700,14
837603543,14
823712588,14
73053241,14
955236925,14
623188346,14
400520725,14
495263660,14
285327975,14
823718338,14
837618119,14
573880486,14
903991897,14
766181025,14
914290870,14
966165396,14
609758049,14
636300722,14
890045662,14
890046352,14
530281483,14
980900499,14
835237253,14
524511511,15
951453524,15
940957675,15
565008991,15
954777720,15
706234578,15
823833411,15
548245688,15
790702445,15
595997851,15
588932647,15
825338181,15
966893050,15
660062235,15
961646928,15
505236290,15
980836701,15
744412957,15
841491739,15
823583154,15
467393411,15
941199101,15
774722474,15
776841376,15
521076850,15
595743657,16
889882968,16
776437725,16
776331721,16
219469425,16
980746243,16
914495596,16
156920475,16
860319801,16
962379085,16
595927113,16
833414976,16
626316357,16
626316021,16
626315157,16
612479852,16
719906545,16
626314117,16
211814024,16
745486101,16
966687862,16
882628010,16
248167783,16
262847598,16
719974331,16
462965173,17
785968189,17
933115197,17
921715107,17
800994478,17
608756154,17
462993632,17
966627070,17
966627692,17
783936748,17
980595133,17
474981986,17
823719214,17
919409529,17
808641507,17
788323600,17
598136071,17
768612585,17
719936497,17
951799056,17
715029978,17
470122253,17
706056974,17
966571566,17
808814595,17
853806992,18
837544803,18
250927710,18
253781251,18
857978102,18
548032488,18
817697069,18
906038695,18
735966408,18
767214137,18
885354370,18
482793410,18
929565182,18
959013038,18
780556416,18
980461577,18
771866872,18
721131430,18
688614258,18
980477703,18
860149565,18
958245004,18
980453601,18
580679149,18
753183004,18
252839347,19
677799943,19
656175017,19
737827536,19
603006903,19
507148590,19
205087611,19
966409604,19
980374663,19
265007001,19
966404064,19
638322380,19
465812544,19
966252280,19
660209843,19
646372854,19
646373160,19
889364752,19
881963223,19
218535859,19
949283264,19
960532232,19
612242166,19
808054216,19
601469442,19
796203848,20
550547974,20
541338747,20
975880887,20
734721330,20
191561160,20
680303987,20
507202459,20
126594056,20
871921001,20
868172724,20
817814288,20
624929314,20
889211330,20
803427474,20
219611039,20
639678219,20
966210560,20
655373559,20
655372345,20
744885997,20
930690118,20
851751856,20
803206386,20
821863757,20
674788558,21
980084055,21
966108670,21
650148800,21
788674727,21
659690345,21
980038807,21
725088644,21
956814919,21
736647926,21
823293800,21
837185807,21
966049572,21
597640554,21
980004057,21
957282414,21
979977295,21
770355847,21
669627911,21
862145131,21
885633870,21
770141321,21
202034495,21
748951928,21
965992778,21
965991306,22
965978854,22
888846788,22
902882485,22
824170245,22
670421918,22
979933005,22
239126054,22
705763860,22
979920685,22
629005460,22
584862684,22
823109568,22
888883340,22
887332388,22
816169107,22
672679913,22
879731207,22
625857661,22
941168655,22
937303064,22
645262378,22
817231951,22
979793831,22
965808728,22
751435651,23
790729193,23
902719669,23
843953085,23
877539554,23
891167821,23
871934992,23
899035963,23
604974646,23
772771541,23
193787747,23
230460706,23
853665072,23
970413659,23
965676838,23
965667890,23
979363389,23
979584903,23
613815601,23
614704091,23
560904633,23
523345527,23
531995192,23
548153169,23
267091585,23
887228572,24
936084088,24
781269781,24
979537415,24
813800749,24
810429503,24
979467545,24
703331106,24
965479000,24
979449443,24
699034360,24
965439666,24
202668641,24
906624901,24
862181272,24
549466069,24
924098496,24
232246759,24
493031766,24
949767598,24
762737995,24
199915123,24
836638533,24
545931622,24
473641622,24
882604889,25
897844699,25
873142911,25
858611215,25
979272505,25
788115711,25
979270623,25
965299542,25
965298448,25
979266853,25
965291960,25
979261927,25
979251337,25
848594727,25
535322045,25
979212713,25
601890939,25
604160968,25
801932632,25
965137292,25
675508874,25
965208842,25
965204768,25
979173479,25
965203712,25
979171965,26
865318758,26
783265140,26
785512036,26
232333763,26
469976473,26
280602714,26
965175324,26
200335387,26
902117413,26
850209739,26
902103911,26
979125003,26
836490747,26
965139582,26
771270428,26
929604523,26
979088507,26
594642773,26
656974068,26
822554578,26
965103160,26
965102098,26
938131425,26
836434265,26
822535306,27
268867506,27
611511906,27
712519767,27
885077686,27
897747949,27
884953282,27
220158912,27
976331847,27
836391471,27
705557621,27
581432404,27
928566200,27
550039357,27
822463354,27
737208922,27
948874176,27
214922584,27
737198822,27
725922037,27
737196426,27
978953151,27
835011055,27
757821766,27
120539348,27
734321051,28
886825900,28
286419621,28
877827588,28
822391350,28
676610621,28
189006141,28
238405039,28
496838031,28
965514495,28
836226281,28
687777361,28
822321780,28
964805716,28
978767331,28
978759773,28
519590823,28
836203745,28
927212020,28
61499303,28
121840978,28
177012018,28
514065068,28
534238037,28
978670581,28
836132963,29
964677588,29
834991789,29
695779310,29
707213642,29
672740978,29
673827018,29
978624327,29
632918217,29
247625028,29
247429491,29
120360253,29
776840564,29
978600309,29
978599631,29
846229239,29
618731951,29
836075241,29
554436290,29
674539809,29
794521352,29
587107283,29
239722345,29
699340621,29
584332449,29
978535285,30
495658926,30
612194392,30
941287998,30
978519317,30
570631565,30
842503934,30
942526476,30
90154977,30
292834773,30
964509458,30
561807256,30
561806818,30
674068620,30
840970322,30
978429779,30
950868088,30
784917819,30
888521823,30
888886817,30
904590650,30
292834925,30
905396828,30
978354677,30
583325408,30
885279978,31
507678042,31
964342690,31
978309635,31
978308527,31
604954090,31
604975622,31
780535314,31
616897234,31
964337696,31
71522799,31
177842075,31
978281539,31
639620955,31
820314903,31
547696892,31
230499005,31
977579341,31
568127163,31
687814787,31
835759969,31
552581882,31
276481126,31
476410172,31
964208714,31
964202412,32
968503837,32
245130008,32
978141635,32
180823257,32
220851148,32
964138152,32
901071063,32
978076601,32
616701070,32
978071745,32
568293875,32
978060105,32
837864882,32
964085264,32
978049623,32
874512858,32
724543342,32
719018631,32
978010455,32
966270785,32
787938749,32
746590761,32
964003578,32
963998576,32
754933017,33
977944871,33
610781794,33
963968258,33
743101721,33
571709078,33
642054322,33
83086598,33
218024179,33
886990968,33
185703636,33
821626664,33
977858067,33
557989490,33
805599470,33
718297293,33
119361120,33
833769541,33
771641491,33
38214771,33
505822341,33
886897618,33
512393508,33
626686676,33
963788540,33
886874770,34
755964908,34
900374063,34
501943137,34
70462948,34
723833779,34
963712862,34
782465437,34
251711989,34
806914534,34
256256024,34
747057177,34
885108222,34
677809307,34
609896683,34
963660640,34
829786822,34
829782358,34
958219917,34
668586103,34
958405194,34
556232854,34
750658967,34
886676104,34
578453210,34
705060552,35
879041209,35
617618467,35
835178013,35
732404114,35
963445648,35
963445720,35
963435566,35
977400793,35
963432932,35
820339157,35
731386426,35
977361785,35
963375240,35
785525844,35
792580332,35
587509710,35
816447874,35
872363983,35
900448023,35
831796689,35
561058335,35
977286031,35
919436367,35
756699976,35
399106211,36
977275493,36
963308110,36
189315664,36
773239479,36
963297394,36
977257335,36
977248961,36
977244387,36
963273036,36
963269680,36
977221619,36
963249688,36
878126318,36
501080890,36
846112054,36
886430020,36
552889094,36
762240072,36
655603249,36
548750020,36
663257017,36
221041085,36
398095487,36
977096919,36
820997100,37
251004364,37
252998880,37
597010661,37
290500443,37
834875683,37
682372073,37
882213574,37
583079628,37
963064722,37
583176256,37
902294272,37
836505649,37
729542154,37
170349398,37
636805213,37
576727080,37
511267702,37
687078407,37
834813225,37
976973301,37
585139799,37
936727618,37
975167017,37
976955125,37
976913379,38
962938748,38
969193547,38
940746199,38
611759626,38
779517374,38
786326621,38
177467013,38
580923046,38
976874463,38
890076578,38
711776963,38
933781112,38
655484597,38
828555190,38
702763175,38
91560895,38
452388464,38
464077539,38
266267662,38
962859156,38
668280464,38
91127942,38
654815143,38
451067732,38
626534659,39
976722753,39
657890738,39
230990137,39
601909448,39
746411245,39
962656608,39
976608169,39
79756580,39
613261330,39
596730469,39
199461016,39
679643198,39
252891268,39
721073965,39
973973071,39
962603398,39
976572911,39
976572489,39
962600836,39
962599716,39
976566763,39
962595664,39
583200903,39
976550761,39
751462564,40
962564446,40
962447552,40
639586611,40
873801782,40
609799067,40
182391304,40
464879794,40
715721169,40
899782011,40
976483125,40
962511850,40
736126920,40
749989735,40
527996977,40
844666018,40
746081269,40
746081279,40
746204901,40
732221696,40
784133541,40
976461721,40
962488454,40
962487956,40
962487562,40
542424051,41
757249476,41
607070816,41
787970804,41
770230970,41
976421169,41
226069456,41
736437287,41
877473498,41
700391797,41
668716914,41
962402872,41
820473858,41
834369183,41
770199544,41
240783591,41
820476380,41
654522935,41
218619887,41
270233912,41
470766740,41
863492326,41
790660050,41
201295081,41
288709113,41
596588607,42
856847605,42
238195823,42
681629859,42
900322289,42
756760526,42
772035653,42
592834225,42
696159039,42
720432515,42
706570572,42
224342634,42
478207082,42
711304072,42
833756627,42
834269045,42
715240650,42
746416063,42
263770095,42
612193476,42
646032891,42
676213688,42
962199622,42
229849067,42
189982087,42
218386815,43
161449275,43
185266309,43
976078139,43
962100480,43
124795025,43
734939830,43
265340879,43
114368554,43
960166288,43
948994288,43
837469430,43
961991228,43
733489102,43
858501280,43
228412779,43
37880002,43
818460128,43
659093347,43
783880975,43
608673875,43
923685546,43
518086471,43
929960287,43
912104444,43
961975918,44
496527184,44
961959168,44
595820606,44
961953384,44
957142763,44
845329818,44
241482022,44
820182866,44
750339646,44
264860592,44
193110483,44
766727270,44
833597073,44
975846797,44
975846563,44
961857902,44
975825199,44
973457687,44
957135673,44
961839152,44
850549423,44
611591756,44
563655563,44
176198368,44
876101841,45
727015168,45
268317019,45
961785790,45
958413120,45
722507712,45
681439350,45
681436288,45
866587810,45
690565061,45
631436681,45
911599322,45
535751315,45
975656187,45
718447863,45
692502882,45
502128220,45
668778800,45
227824969,45
485990266,45
958230112,45
630746925,45
153912569,45
251735904,45
716836225,45
961544756,46
776487326,46
833842229,46
833840739,46
961502900,46
561401124,46
700162056,46
898691723,46
803085556,46
898667313,46
898664093,46
683989928,46
862361078,46
961416194,46
655656111,46
898628333,46
468905682,46
778931920,46
897990113,46
898311055,46
467711918,46
811647110,46
562071554,46
575873595,46
562072302,46
961335342,47
592665249,47
975308227,47
975304973,47
961324924,47
180594804,47
180602147,47
975075601,47
961214938,47
653660047,47
890305675,47
773141806,47
959347864,47
916395013,47
707566034,47
975219027,47
252384462,47
975208121,47
975206077,47
975206015,47
749438307,47
539645222,47
744607724,47
735012516,47
488882360,47
494588916,48
754762144,48
893585261,48
868199930,48
488097344,48
637815744,48
961134224,48
944018859,48
945511674,48
959461925,48
937905338,48
682380219,48
734656284,48
536519212,48
675274849,48
709924913,48
898354119,48
741385631,48
471819696,48
833508205,48
676629784,48
580979787,48
454519798,48
478543696,48
777053929,48
809465167,49
974959857,49
585294236,49
595614209,49
514811742,49
645759247,49
898218305,49
623150903,49
554559218,49
753281480,49
960883704,49
974853943,49
225225228,49
635422947,49
897966089,49
960858522,49
974827935,49
566746805,49
828691016,49
582697750,49
654394173,49
974774667,49
214514345,49
677862732,49
807964295,49
960412210,50
193401559,50
254794725,50
699680635,50
254007952,50
736663658,50
531638185,50
64640298,50
64640506,50
481446946,50
803996841,50
385234430,50
400724649,50
734848938,50
930308834,50
192523098,50
617574127,50
954294886,50
960686240,50
865098760,50
120435887,50
898038081,50
623312023,50
660584396,50
635749546,50
638170637,51
539788555,51
514442440,51
184727558,51
187796676,51
974610841,51
735086530,51
524797652,51
203513686,51
833178937,51
224069138,51
858007508,51
858005232,51
897952289,51
884006386,51
471717618,51
775002377,51
547578536,51
868361363,51
974515513,51
561653923,51
288605533,51
268880619,51
948360493,51
487202853,51
824040766,52
832180607,52
879656852,52
974451623,52
269424774,52
574549706,52
963732189,52
577908242,52
700635334,52
276680112,52
95060072,52
824243988,52
974376417,52
749127737,52
735263490,52
735262430,52
735260626,52
735261428,52
448547664,52
515020196,52
200685271,52
973979857,52
564410287,52
618426883,52
708050922,52
190423611,53
493511957,53
270672603,53
645917970,53
249694536,53
537191531,53
505822761,53
505822479,53
715918814,53
694155672,53
675903512,53
783149719,53
834772097,53
682529685,53
974225675,53
274158146,53
960236590,53
960215480,53
960214342,53
924660127,53
553142794,53
960182282,53
974143929,53
960165270,53
957134894,53
766293867,54
513586661,54
151090958,54
908853320,54
662646419,54
974109397,54
938865545,54
974102961,54
960127048,54
800875925,54
818433804,54
818429918,54
974066475,54
853340739,54
486062027,54
177141022,54
177150877,54
177149377,54
852990322,54
638967827,54
832739517,54
541322982,54
960040580,54
876341274,54
252891078,54
954451276,55
895958753,55
895960657,55
883103252,55
99576586,55
757795774,55
829273094,55
671212894,55
832751105,55
959968240,55
704208154,55
672803388,55
768013966,55
959952144,55
897381643,55
959939030,55
170523951,55
629969474,55
784545574,55
172114227,55
711627313,55
603739524,55
251698054,55
942237703,55
502669340,55
832610255,56
973834617,56
973817245,56
801650816,56
535578325,56
733327790,56
784159766,56
853709611,56
669695125,56
679894574,56
884799979,56
716856291,56
467555863,56
959736372,56
832539375,56
90803902,56
971005537,56
958423132,56
508412794,56
695926173,56
51616018,56
769573089,56
747426713,56
673061828,56
499788014,56
973629031,57
184229137,57
791063113,57
881751512,57
959631992,57
768659120,57
973579463,57
816992734,57
533046804,57
76388632,57
588866289,57
653437971,57
639604184,57
817311076,57
880550272,57
959512782,57
702425822,57
686120225,57
880881372,57
973461171,57
782639617,57
894434529,57
767599370,57
880490786,57
781489847,57
781783219,58
655147965,58
786242838,58
963687051,58
816695492,58
786244018,58
481893030,58
927488299,58
693222471,58
190431460,58
267741166,58
621266975,58
959370984,58
817884524,58
931479928,58
797623576,58
817013047,58
750830573,58
120322104,58
727735297,58
882403888,58
825745548,58
781270349,58
896801541,58
903490360,58
541391527,59
776489036,59
959199696,59
604084428,59
683596124,59
566083435,59
926979906,59
167207741,59
959133500,59
903553881,59
753588812,59
652845755,59
655486046,59
737999974,59
751868117,59
251517393,59
945045895,59
953823812,59
927459639,59
725852644,59
653169165,59
973031207,59
680361401,59
230863918,59
104533665,59
658336666,60
880965236,60
864653718,60
645262116,60
958954372,60
958946364,60
783758392,60
800024616,60
640952231,60
771929461,60
877419481,60
835153173,60
827047995,60
882570586,60
703293848,60
542347522,60
972757945,60
758018265,60
167303469,60
672963747,60
271456356,60
670431208,60
881224292,60
958828734,60
971257583,60
958826946,61
398544331,61
685869859,61
958802558,61
834736751,61
972740459,61
962803349,61
817918560,61
922298030,61
880070146,61
588447889,61
958693634,61
608745426,61
245611929,61
815418900,61
969803151,61
859889159,61
958633210,61
768394144,61
119712659,61
970565375,61
831734161,61
739434939,61
494706119,61
803514420,61
821052557,62
784378314,62
870047903,62
236947833,62
818316780,62
818316340,62
817298590,62
718537735,62
936690349,62
782524031,62
816859954,62
830538665,62
280862930,62
815657897,62
848596731,62
880741018,62
972479943,62
595260031,62
967521045,62
880711916,62
879463431,62
782485953,62
815468790,62
66202502,62
690099274,62
702523357,63
701524663,63
817294232,63
510449695,63
972391115,63
878428992,63
878431008,63
485880331,63
566218894,63
498131408,63
894551115,63
894544539,63
268921601,63
958362760,63
591776298,63
946847729,63
641210707,63
787422428,63
877744757,63
758819619,63
958321794,63
582118428,63
646469822,63
972276509,63
895628809,63
865986453,64
626176492,64
820410857,64
829260255,64
802981275,64
509259544,64
621261559,64
524147470,64
615808150,64
551874400,64
124726047,64
814996916,64
963623623,64
831393141,64
520714520,64
972150405,64
619486673,64
830317251,64
958162162,64
958159020,64
881590528,64
816103628,64
809785750,64
811080422,64
560588452,64
560306828,65
955625656,65
873948260,65
268019115,65
851558442,65
621273193,65
959198735,65
468442533,65
759330832,65
589731862,65
78616067,65
204665445,65
64640654,65
958026696,65
819262907,65
595235371,65
236384241,65
854806531,65
867203280,65
971954999,65
957979586,65
630248920,65
971943563,65
966084961,65
957960416,65
903575375,66
971924481,66
507797307,66
957949234,66
939333302,66
957947824,66
650114879,66
971914447,66
286794819,66
957890372,66
569109335,66
683706857,66
955823126,66
654762799,66
965787249,66
813368748,66
539214327,66
565686787,66
539731966,66
727659717,66
971791703,66
953158549,66
971771565,66
957775024,66
950770639,66
878916940,67
797079196,67
957683238,67
213250298,67
601743772,67
538767930,67
812740737,67
841132977,67
803586244,67
971584927,67
576814312,67
767897790,67
487802995,67
635439534,67
581075272,67
893740163,67
659325503,67
685182809,67
736015754,67
269221416,67
971479831,67
957484464,67
261638484,67
677942791,67
747158609,67
895168070,68
971410993,68
957439184,68
971410457,68
971409853,68
113448598,68
747112291,68
683468325,68
213692601,68
971130453,68
563656633,68
716848839,68
225609005,68
454390252,68
956545302,68
114694691,68
112591329,68
130789851,68
969818575,68
658842047,68
456796884,68
672454241,68
971296179,68
788058813,68
200529992,68
802534128,69
957281950,69
956754638,69
642561979,69
224524319,69
826528141,69
495335815,69
495342341,69
176844292,69
191085244,69
957136664,69
770042942,69
670836418,69
703858987,69
542652827,69
655412324,69
755964052,69
124063732,69
549835136,69
757880250,69
661533071,69
767446728,69
807886604,69
639017740,69
829644649,69
829638465,70
534615241,70
893293597,70
858147117,70
879355050,70
957088402,70
956832128,70
970804563,70
824627503,70
957060404,70
792534267,70
590400741,70
224814715,70
521343322,70
733073262,70
746934945,70
733072880,70
746934491,70
733072122,70
180377023,70
970938807,70
805907254,70
253524200,70
956952872,70
970891439,70
485092892,71
848904538,71
803506053,71
771223093,71
162097972,71
170074539,71
525537915,71
483335307,71
970828935,71
746871631,71
593534118,71
481377473,71
860010165,71
719085964,71
559638381,71
879117632,71
901210388,71
746239498,71
547477650,71
590107900,71
475854711,71
829337021,71
781605411,71
593258456,71
594604617,71
970755995,72
825447517,72
970692021,72
121591795,72
254772885,72
224845769,72
955392956,72
622536486,72
956715464,72
956692428,72
953289519,72
191258173,72
772504487,72
892846741,72
244910008,72
767349052,72
665658446,72
617139564,72
273977732,72
956618152,72
970543827,72
878909306,72
815270786,72
956545804,72
970519287,72
956540142,73
956538214,73
559146386,73
625089477,73
749249500,73
503726376,73
732833408,73
625547948,73
861468086,73
956350912,73
878364930,73
970337975,73
638444656,73
630746921,73
880461330,73
229108434,73
820835040,73
450650572,73
796666351,73
956290732,73
956288900,73
815055050,73
970234185,73
468963280,73
888724115,73
567616217,74
553815872,74
897441803,74
970186401,74
970185049,74
970171877,74
621408469,74
607842454,74
523214009,74
189654556,74
956188418,74
715745799,74
627767042,74
970136497,74
731966200,74
674973059,74
830715626,74
966032575,74
970063653,74
634605962,74
718734325,74
174605487,74
280740556,74
217018723,74
801504338,74
564966023,75
969983197,75
955982894,75
969968815,75
865499122,75
717896224,75
935946404,75
792614521,75
526510533,75
193392862,75
241892126,75
945729825,75
839435372,75
716257861,75
575083680,75
892328177,75
670572308,75
679663972,75
684282079,75
892301689,75
882285917,75
955817352,75
955812672,75
567607174,75
969775663,75
767439625,76
641857067,76
969759901,76
638217952,76
83099552,76
955752446,76
522346420,76
759977341,76
891113321,76
484555888,76
969619175,76
878223688,76
596367187,76
969583783,76
955612282,76
607705406,76
546045750,76
746306857,76
955572172,76
638152032,76
969534803,76
746287713,76
528580390,76
590003096,76
274474254,76
878894104,77
681836655,77
267633254,77
574119385,77
969434259,77
470196992,77
160618689,77
878081342,77
795758890,77
969377351,77
955392338,77
828139835,77
614006591,77
246647954,77
127756144,77
828184241,77
891884293,77
877955140,77
891883977,77
891883619,77
877953746,77
721372440,77
575447269,77
955294736,77
612587714,77
642728461,78
530300961,78
645267731,78
825428069,78
720074775,78
204795081,78
155728245,78
610007830,78
611814301,78
898589371,78
814195438,78
240366272,78
969178621,78
498245104,78
206543465,78
766871820,78
780741279,78
612211912,78
480329309,78
677845556,78
955132182,78
813932438,78
839673631,78
607571046,78
865775090,78
882207777,79
881990719,79
865134014,79
880928603,79
880914207,79
865193852,79
880685439,79
879688539,79
865610630,79
865191144,79
865189058,79
879061099,79
865141920,79
865100156,79
888219573,79
874266622,79
874250018,79
903028203,79
885548324,79
899451715,79
882167545,79
889076699,79
885556502,79
877762058,79
955052648,79
969015833,80
955006846,80
817266870,80
954993400,80
892812354,80
636491551,80
827928563,80
120631005,80
954898134,80
586443382,80
821081669,80
801347620,80
816425839,80
923770290,80
477420399,80
777132649,80
279932402,80
111928920,80
253245895,80
959465141,80
960638033,80
959458841,80
946148606,80
732133848,80
267386835,80
863099006,81
207852463,81
109513671,81
623255152,81
464083018,81
587663387,81
954699906,81
252891582,81
968654985,81
954685566,81
564437603,81
968652923,81
221915276,81
882285463,81
658515017,81
766654942,81
564797743,81
926600012,81
954608886,81
868726720,81
954477789,81
745828005,81
757275333,81
704264109,81
735211828,81
864008908,82
684303584,82
968517163,82
670046290,82
610600466,82
889180584,82
580022920,82
968467581,82
774616605,82
763245736,82
745785563,82
582904632,82
886685225,82
242749826,82
754375707,82
269586293,82
628938104,82
968320301,82
614019734,82
874882556,82
827572161,82
968301279,82
968295759,82
813671200,82
891054579,82
385915170,83
932454192,83
270437561,83
530750059,83
694199176,83
236520146,83
242597071,83
768071404,83
766493756,83
722325567,83
827745914,83
827757372,83
761103759,83
285933349,83
816030115,83
601836055,83
694539348,83
827322597,83
61285060,83
890883649,83
470791248,83
968077689,83
280411492,83
748443295,83
181374434,83
152538439,84
511403231,84
195933842,84
493197313,84
665581620,84
822138082,84
491775579,84
890710299,84
849660329,84
486675780,84
170199329,84
953990826,84
890768575,84
556946480,84
967949101,84
718611887,84
503272168,84
718043357,84
818380804,84
946159861,84
946146517,84
591474234,84
953896712,84
967843133,84
510048887,84
967831497,85
967816917,85
707271041,85
607167774,85
824408273,85
702169721,85
223526706,85
493076447,85
766270870,85
953745878,85
890270689,85
719595117,85
743700542,85
607137040,85
250011592,85
967686105,85
953708890,85
811015721,85
523430034,85
494551165,85
678816575,85
264606746,85
60236803,85
953310254,85
602488246,85
868133358,86
504130510,86
658881913,86
591269530,86
876398536,86
967047645,86
817269600,86
914042089,86
731620466,86
704035861,86
953459982,86
967422201,86
875012798,86
858876283,86
497521808,86
745482367,86
878962765,86
199719997,86
758541411,86
509468037,86
967398781,86
176366645,86
629698671,86
813775485,86
751191833,86
967305783,87
266540265,87
611531818,87
502585700,87
247015753,87
967281261,87
951339653,87
826806511,87
605963231,87
967226589,87
267213396,87
593332319,87
868423670,87
450816054,87
609144341,87
602879804,87
725284210,87
709939933,87
835914957,87
74994144,87
967146363,87
731910109,87
669521236,87
896501871,87
619219037,87
602854140,88
812729090,88
469947253,88
779788339,88
953064722,88
544559263,88
788623699,88
967009359,88
645806111,88
606859242,88
741382281,88
781399126,88
817831508,88
811655546,88
268428353,88
465534862,88
704497791,88
603031655,88
966960151,88
966959407,88
631865058,88
280664550,88
183394352,88
195004204,88
601132554,88
585021710,89
527209365,89
765805168,89
666522350,89
966806617,89
745167313,89
700117588,89
68027708,89
966748217,89
470363716,89
93772387,89
952762216,89
238124451,89
473489337,89
966707551,89
689716402,89
966684771,89
857887557,89
826292235,89
956546243,89
728124453,89
84417726,89
815364716,89
153151776,89
539962652,89
888560019,90
755577782,90
885346241,90
770161617,90
952667568,90
270671921,90
508318474,90
966581371,90
450509450,90
230567925,90
765284034,90
668992294,90
599384581,90
680484301,90
672105833,90
173556379,90
219346290,90
966481035,90
626480664,90
549910674,90
875342564,90
563695227,90
498838378,90
684076067,90
266377326,90
791062529,91
151449182,91
964406435,91
62623610,91
620420385,91
182322977,91
966365309,91
888972509,91
579213386,91
235682396,91
662882522,91
269398534,91
292162613,91
656091065,91
885841093,91
560985402,91
529538951,91
779455887,91
684205579,91
966330827,91
724136872,91
222941142,91
825988025,91
812085696,91
966317983,91
765570430,92
812068476,92
966299957,92
844962883,92
669228036,92
952300628,92
648825854,92
952297952,92
573117892,92
952284372,92
531667377,92
966217501,92
810053881,92
966192953,92
951067754,92
844954924,92
891554047,92
891553219,92
811942086,92
952187888,92
560972788,92
280536138,92
966090905,92
952054226,92
130351648,92
105508185,93
552061851,93
124617149,93
83370565,93
825764181,93
667992286,93
935640907,93
921713772,93
952063474,93
765454724,93
683023234,93
874093204,93
902900171,93
574301206,93
600763376,93
965934189,93
778329435,93
951938112,93
272149740,93
951930520,93
927111889,93
965862003,93
811722272,93
874878040,93
951880374,93
951879042,94
175928394,94
642670552,94
585018460,94
786210278,94
825377717,94
713754393,94
640364704,94
620230719,94
176752162,94
834956744,94
152168001,94
846857449,94
825538625,94
884950269,94
951776154,94
278420774,94
519977134,94
823481364,94
776357468,94
615647408,94
951720142,94
713972081,94
700118410,94
700117854,94
766699464,95
713971239,95
713970833,95
713970603,95
713970377,95
700116972,95
713969771,95
713969547,95
700115950,95
816999675,95
700115344,95
558809721,95
811551032,95
270560483,95
631257192,95
237649864,95
120151403,95
825338093,95
951592828,95
521687336,95
730734634,95
744593981,95
225473309,95
536827586,95
744592043,95
730732624,96
744587751,96
744586687,96
782960322,96
545523192,96
790724933,96
495430811,96
909525525,96
951525684,96
888521181,96
888520005,96
747095755,96
294049603,96
965457197,96
239915435,96
825108431,96
677871266,96
758048076,96
772152533,96
811361108,96
844659130,96
451067550,96
965363825,96
471254341,96
519857834,96
186108278,97
944846597,97
744490809,97
682536321,97
811014549,97
479726558,97
711878585,97
965217623,97
811223546,97
951237124,97
965187729,97
632775575,97
606222756,97
589857703,97
727456411,97
712538264,97
605924020,97
964413399,97
76763584,97
592588225,97
892880000,97
577805592,97
506782583,97
505782476,97
512500648,97
819082981,98
878173170,98
965032401,98
712618443,98
810604240,98
711009613,98
704462075,98
730522650,98
187347191,98
964977279,98
888123179,98
151091861,98
744363535,98
165775210,98
948624696,98
608734056,98
651373298,98
888084977,98
593896600,98
810942150,98
841890752,98
834544601,98
964862891,98
778898659,98
888038681,98
926585232,99
762759334,99
93771383,99
249904653,99
888010633,99
893382030,99
950835818,99
824202741,99
681079726,99
926589240,99
964759945,99
964756557,99
883642919,99
182628059,99
181133518,99
547728639,99
218333565,99
487558748,99
242718383,99
714078049,99
605234476,99
824649667,99
496637038,99
518371271,99
964625345,99
945740380,100
626377025,100
465651249,100
883239989,100
810655972,100
699149482,100
887768385,100
744222541,100
827481894,100
922316373,100
964473125,100
933179468,100
499906638,100
572690228,100
174651976,100
810021647,100
530880686,100
258804204,100
964418347,100
294393193,100
549376094,100
964384279,100
764837312,100
79745621,100
88190913,100
125679863,101
964303107,101
782644843,101
667403310,101
964246867,101
237849038,101
782756119,101
601071467,101
950256986,101
600188958,101
243232798,101
693913292,101
873596424,101
478879475,101
964186375,101
950220296,101
706304301,101
280527340,101
950188796,101
964138013,101
964137587,101
964137457,101
507320028,101
950161990,101
950156448,101
964116497,102
673333766,102
950149494,102
949529109,102
185728100,102
482901689,102
104100990,102
510281409,102
831289599,102
950061560,102
620530528,102
950045450,102
950001462,102
652542597,102
942102869,102
806517552,102
592133249,102
549955104,102
743984225,102
703999099,102
218941852,102
509897519,102
696513095,102
196576354,102
764609012,102
619646667,103
727311099,103
240870611,103
887142919,103
886504663,103
764595844,103
963808147,103
810237738,103
824136661,103
231586733,103
949819402,103
824121195,103
963778577,103
264031080,103
810192554,103
949774230,103
592051261,103
741805846,103
589676792,103
206069343,103
768598760,103
165058549,103
623443874,103
817887586,103
500079130,103
893133960,104
124367258,104
841388294,104
231709563,104
949704036,104
221259906,104
873077030,104
482177787,104
810104638,104
810101386,104
630262584,104
949658238,104
597855425,104
42764254,104
854693443,104
256106403,104
521040586,104
571780001,104
571770443,104
569158307,104
749419516,104
810041394,104
585698895,104
946654144,104
963536745,104
902117232,105
963515931,105
872925032,105
886844979,105
475987826,105
262851833,105
289540655,105
960637367,105
793540839,105
629429414,105
619486067,105
874069959,105
949439042,105
963394295,105
949426892,105
673726760,105
963388939,105
776550919,105
963379067,105
610298750,105
640831385,105
963357615,105
669245148,105
787613404,105
963340193,105
879714969,106
963288675,106
872718036,106
245998096,106
162009698,106
845978990,106
627318512,106
823712505,106
612583271,106
908577206,106
186463496,106
809488936,106
865983795,106
886533535,106
239914966,106
264187318,106
872736825,106
859016324,106
189001522,106
188726217,106
712895551,106
949166146,106
293650529,106
650806595,106
384811674,106
206241641,107
823536935,107
645016272,107
823567407,107
221553455,107
748638695,107
886397869,107
398297075,107
872459486,107
872447404,107
886368761,107
848584640,107
673835956,107
830340649,107
455240944,107
816418017,107
949011646,107
154190278,107
743582643,107
515134461,107
635479242,107
256491438,107
880607071,107
886253381,107
223310429,107
775374371,108
586953221,108
653580570,108
671154432,108
623195758,108
809476830,108
606877217,108
643360917,108
581321754,108
642866288,108
505555197,108
492088974,108
797623182,108
962802077,108
262468497,108
872159248,108
872160222,108
815472807,108
729602802,108
266798519,108
610177311,108
580929069,108
216192506,108
948705114,108
823210447,108
884962813,109
635373626,109
823209863,109
681401635,109
771830156,109
861120047,109
885953539,109
787849741,109
185267567,109
693101285,109
857062052,109
823112035,109
262483007,109
948632946,109
744517308,109
940383694,109
601507071,109
223237592,109
473516189,109
689593380,109
962527425,109
948561830,109
510103684,109
796268556,109
27799480,109
948517946,110
822076973,110
927617875,110
165008151,110
948471808,110
484642209,110
481725763,110
494343346,110
705111541,110
962414431,110
508443522,110
871809446,110
582433549,110
944480892,110
858874075,110
948407138,110
885715827,110
962353581,110
259965338,110
948389362,110
597834927,110
885687709,110
272218668,110
737290302,110
667421978,110
962265359,111
954495459,111
877155855,111
767447737,111
576821310,111
386140790,111
667386586,111
203292666,111
159352073,111
839034584,111
766821461,111
567010846,111
948194052,111
743181701,111
786945668,111
667341316,111
962122319,111
948159158,111
951684637,111
947886734,111
946573742,111
627507228,111
577536638,111
589872583,111
667984300,111
514804318,112
701239439,112
76475688,112
121480889,112
885406185,112
962033763,112
250762180,112
485362451,112
464879230,112
840458963,112
871443338,112
495618670,112
961965951,112
727414270,112
462397438,112
648915853,112
947952796,112
946555846,112
741841040,112
527364029,112
823812392,112
449154184,112
822481909,112
947572834,112
947882508,112
605760786,113
538796331,113
122472806,113
604973998,113
604959040,113
776974271,113
747185605,113
511369973,113
667158774,113
100513244,113
947805602,113
215107874,113
680995121,113
961722675,113
635540824,113
258323234,113
884746221,113
616910482,113
646456098,113
772726787,113
807997665,113
961585181,113
526019645,113
165527141,113
961571933,113
768260321,114
885053409,114
575539738,114
575542466,114
567989650,114
808298952,114
576814984,114
808288098,114
522397469,114
779468531,114
464660120,114
862257753,114
491030002,114
508645677,114
495158990,114
961428063,114
944759820,114
270542307,114
660243713,114
264706848,114
867003169,114
293579865,114
502172089,114
552109210,114
533934229,114
561158410,115
695040589,115
947374658,115
860782551,115
555500079,115
157307639,115
734570989,115
633625130,115
784175900,115
696365803,115
591443451,115
453571936,115
816028455,115
757752564,115
520203566,115
804878700,115
947281724,115
728835824,115
728832394,115
448796208,115
666921286,115
561810825,115
631274176,115
777390859,115
290441175,115
691717943,116
698269942,116
468371422,116
872600570,116
681108791,116
607371953,116
712099679,116
947133852,116
666490350,116
450216290,116
728819258,116
505702080,116
947079518,116
251010716,116
700422201,116
547972310,116
961017243,116
213637703,116
582808135,116
870691894,116
535080354,116
807893860,116
509100492,116
870658964,116
960935989,116
807587096,117
946966608,117
596214747,117
800082973,117
829719318,117
118453186,117
84027285,117
800283065,117
698119224,117
748395337,117
592573067,117
452335004,117
494950554,117
960736481,117
946771652,117
870473554,117
535466402,117
535467116,117
960697525,117
699832092,117
870425008,117
807604174,117
960648975,117
244068592,117
946664176,117
960591665,118
960570759,118
112461593,118
753209744,118
884248495,118
946094320,118
517168052,118
554579562,118
526452758,118
742442137,118
762498295,118
618144652,118
541628352,118
946479690,118
884171105,118
576915364,118
921578910,118
594195287,118
946436072,118
807412598,118
660920802,118
941655894,118
813632425,118
786211124,118
946307462,118
946295008,119
503277436,119
807001494,119
733918644,119
960222783,119
783370246,119
262743801,119
870031602,119
576840416,119
869597129,119
768071672,119
874024942,119
599464550,119
196884060,119
604099320,119
868797498,119
599392267,119
848585068,119
869989868,119
928647456,119
946164876,119
762890658,119
250882251,119
875655150,119
946079438,119
946126150,120
221140245,120
800046233,120
660463972,120
116075022,120
946090160,120
946082968,120
946082820,120
843081711,120
960036119,120
602990346,120
680273051,120
960017315,120
580104858,120
774445108,120
883739297,120
711632037,120
697777820,120
711631327,120
711631001,120
697776324,120
697777194,120
697776086,120
711629555,120
711629803,120
697773876,121
697774864,121
697773264,121
711627991,121
697774582,121
218123761,121
959974757,121
711626739,121
711627013,121
697771556,121
697772026,121
697770900,121
930008519,121
647441499,121
759201254,121
705521943,121
573035924,121
234462518,121
959914979,121
959911909,121
600924650,121
940234666,121
242302734,121
820953021,121
883643995,121
590051191,122
957244985,122
711562643,122
288375177,122
611534690,122
945838412,122
869712682,122
711628609,122
940509312,122
115477731,122
945796100,122
226724981,122
658872589,122
561585997,122
591686837,122
828957656,122
884862313,122
848351986,122
959451083,122
869655486,122
883580777,122
945735360,122
938332412,122
883544217,122
618162149,122
945691322,123
512895872,123
457474314,123
680143125,123
762670564,123
815218477,123
266213143,123
561379751,123
594399349,123
195622069,123
883420185,123
959548357,123
503878556,123
209136991,123
503878852,123
281795948,123
666277294,123
857318143,123
398181377,123
464457058,123
207850728,123
647630925,123
468007816,123
218652477,123
762529870,123
959284047,124
959341995,124
959335205,124
959347309,124
713525247,124
804011885,124
177020275,124
749774493,124
806800724,124
737531455,124
723668954,124
953919683,124
959383401,124
862841592,124
617830871,124
820669847,124
630746867,124
959171691,124
561447647,124
959218381,124
776412831,124
820623043,124
570746915,124
601717407,124
511369188,124
945261594,125
865699908,125
959186967,125
737117677,125
722034922,125
722023304,125
818366061,125
260718315,125
959151129,125
741983789,125
808511822,125
268762971,125
820532691,125
661474247,125
776510503,125
959125913,125
794426204,125
922091637,125
883071869,125
959089645,125
254729258,125
735880973,125
723256132,125
734078535,125
722037116,125
734078457,126
722036014,126
722036630,126
722032660,126
735881983,126
735882731,126
735882957,126
722038020,126
722037546,126
720222810,126
722025464,126
735894983,126
735891851,126
735888855,126
737117575,126
735899279,126
735893639,126
735892949,126
735891081,126
735892135,126
735881603,126
735889679,126
735881147,126
472056500,126
293651367,126
959021029,127
607340847,127
924632292,127
959007047,127
719866501,127
823174569,127
820411745,127
820408437,127
820404891,127
866427734,127
561320969,127
944969272,127
958920685,127
648050595,127
385838106,127
572571002,127
741893461,127
728017898,127
944889394,127
944823212,127
762344172,127
958824371,127
958823323,127
902590810,127
801163571,127
944847242,128
820299357,128
808320357,128
157313510,128
604139865,128
68012073,128
72256717,128
183443391,128
120560062,128
188678070,128
783521466,128
740182817,128
833216668,128
593145779,128
944773964,128
679820845,128
230508761,128
276923070,128
847039190,128
253903483,128
944693102,128
210711772,128
826277671,128
526991967,128
958613033,128
882628683,129
958610131,129
658397283,129
944601942,129
722226255,129
843860766,129
882586829,129
528439584,129
944610052,129
169314470,129
958557635,129
944593028,129
679736257,129
958550449,129
944585616,129
806194522,129
798571008,129
776066667,129
776059081,129
868611526,129
769140972,129
758550566,129
573408204,129
170300053,129
820015217,129
674182116,130
917940097,130
715095944,130
686544240,130
784376285,130
948111591,130
868506564,130
523527283,130
944420320,130
256816166,130
624145845,130
610312192,130
624152755,130
610310162,130
620560979,130
250460896,130
657251869,130
803328290,130
182825746,130
806011008,130
772006563,130
601712140,130
958236347,130
651050427,130
910985255,130
789775348,131
944242628,131
958198191,131
626257787,131
768072152,131
944231072,131
727690966,131
805897176,131
274139184,131
725378662,131
868181476,131
958149307,131
715211818,131
944180168,131
819756555,131
199487401,131
944173840,131
631889645,131
946557267,131
958118153,131
710874389,131
958109151,131
944129496,131
119398182,131
944107710,131
944062996,132
882078757,132
534822515,132
513124341,132
513122349,132
237565237,132
868128716,132
868122094,132
958004241,132
958003315,132
882040589,132
517824227,132
938674378,132
877094791,132
868099356,132
944023488,132
823966211,132
957943065,132
70863593,132
957912815,132
820298575,132
775760147,132
658999664,132
725038492,132
881958563,132
943300902,133
233950671,133
233060974,133
914475797,133
734901440,133
225518414,133
957215801,133
942755140,133
199675392,133
898186173,133
585279040,133
753576576,133
648649179,133
566002127,133
816948253,133
291290353,133
213981554,133
77762767,133
777930285,133
817387249,133
724437832,133
957703891,133
943747892,133
528843518,133
557010407,133
696880062,134
103132427,134
957651531,134
225371581,134
867821516,134
938910838,134
938909282,134
957632677,134
957632819,134
943676228,134
957630169,134
933522007,134
944797935,134
262711727,134
867789428,134
168590340,134
823764951,134
651199548,134
199349308,134
727324670,134
805429218,134
268800447,134
85174373,134
628562014,134
589437355,134
602697921,135
957487181,135
559318955,135
921362612,135
723134846,135
943502428,135
637873257,135
731737925,135
943494646,135
183972234,135
956763863,135
453951502,135
478616827,135
189332134,135
867553368,135
474878767,135
275546218,135
616906629,135
167560908,135
936948460,135
264844791,135
943334794,135
449718040,135
761631184,135
731930390,135
654516867,136
773141904,136
775483795,136
813812293,136
879381155,136
604960406,136
791929095,136
957218359,136
943259174,136
943251732,136
943250178,136
943248976,136
943244834,136
943242522,136
943239720,136
957190849,136
212044936,136
957189635,136
957188345,136
957187031,136
943231246,136
957177409,136
943220388,136
602158056,136
943213336,136
943211982,137
943210290,137
957161713,137
943196796,137
858581904,137
957147927,137
696431306,137
957138609,137
498018527,137
943183294,137
94363251,137
943166624,137
817977641,137
522871833,137
957114417,137
257594528,137
957081985,137
943134518,137
474221136,137
529502063,137
939341488,137
696369108,137
922198980,137
943001692,137
638482713,137
804987428,138
560545193,138
593164237,138
662925282,138
956899209,138
822038533,138
180448754,138
761498854,138
956832107,138
942857022,138
956807517,138
504863610,138
571377528,138
477202194,138
529802964,138
881068121,138
813252095,138
882066195,138
926578942,138
632227336,138
881107811,138
618841845,138
956435219,138
956436511,138
942484004,138
61906049,139
644033633,139
942719850,139
744589865,139
818380249,139
179781811,139
225789232,139
530979323,139
894949245,139
758622729,139
653652027,139
586507750,139
865446701,139
942487146,139
770123391,139
73068432,139
826404052,139
880370299,139
758047330,139
758047016,139
687082712,139
801624067,139
716197688,139
879959373,139
866957760,139
904827663,140
942355418,140
822243429,140
805041721,140
942347264,140
842507537,140
798665679,140
818362047,140
626316471,140
286976255,140
156056627,140
942235196,140
659345004,140
761232108,140
740986893,140
956160403,140
678412793,140
554588448,140
774823143,140
866766792,140
875319444,140
942165412,140
897857558,140
546464886,140
399996993,140
399997093,141
399996165,141
727104028,141
579147841,141
589639333,141
532648555,141
730525812,141
575335120,141
870672476,141
775012567,141
942054804,141
633155082,141
607659979,141
153279631,141
793841957,141
929948280,141
941978982,141
592024746,141
941927812,141
654237380,141
684378290,141
656168085,141
817690621,141
835132055,141
760269102,141
654371118,142
794952169,142
955806443,142
863034636,142
203698629,142
941831836,142
548758866,142
760949456,142
774821167,142
760952824,142
760947780,142
941812366,142
880405457,142
22635172,142
941807668,142
880372883,142
774942617,142
180787680,142
941776070,142
953432427,142
645830075,142
941745226,142
560130280,142
817866301,142
835747871,142
539987645,143
652982869,143
196411423,143
639081655,143
664295566,143
761032944,143
941659006,143
803810226,143
941631980,143
752332694,143
291472559,143
120355905,143
517269003,143
646451907,143
646451019,143
955552849,143
787418453,143
795187642,143
941571676,143
858096751,143
494133786,143
664627648,143
941539064,143
573983604,143
862188127,143
594510371,144
505395446,144
230125463,144
257659572,144
675407013,144
675404925,144
675406623,144
678440085,144
826290462,144
817761203,144
817759695,144
230932898,144
630658431,144
955370059,144
737437086,144
774506473,144
938483560,144
938241220,144
950737775,144
695972092,144
938502320,144
632928716,144
598644980,144
571277851,144
738520697,144
737275175,145
941348176,145
941342116,145
529915054,145
692964916,145
110007125,145
941313588,145
475115218,145
258216812,145
118039599,145
955251659,145
941285214,145
875720979,145
955220337,145
774451275,145
664269342,145
247042262,145
501718789,145
817610879,145
941195686,145
941195556,145
944805147,145
879915847,145
760544472,145
865996198,145
879914603,146
575077154,146
181564693,146
161468426,146
941151870,146
790050508,146
941130154,146
955068381,146
645270965,146
703937095,146
941093920,146
707689318,146
955015961,146
186999282,146
187004229,146
865879850,146
769654031,146
659476006,146
758017200,146
290005775,146
740487303,146
810641654,146
954891177,146
612478558,146
559405537,146
678007193,147
641983605,147
940893786,147
686077354,147
671433630,147
954798645,147
954797985,147
954791927,147
940837968,147
671167142,147
940817636,147
203503132,147
933327338,147
954621229,147
512985541,147
954377685,147
756524276,147
874435340,147
618697730,147
921416052,147
729246198,147
940576848,147
940507224,147
940543286,147
940486394,147
954413869,148
954404215,148
940431650,148
863845830,148
940378552,148
665230399,148
479288702,148
95285164,148
710085777,148
915615021,148
267733676,148
879997455,148
940217214,148
210035329,148
776291014,148
644199263,148
630372410,148
173373374,148
644131569,148
644689152,148
818317984,148
247830909,148
291660515,148
250694768,148
43901840,148
879575967,149
953967253,149
953965135,149
940014632,149
953962091,149
953957083,149
953954957,149
864278230,149
939996722,149
519076449,149
939980538,149
953781025,149
822977099,149
643452227,149
643282059,149
643452589,149
868668652,149
516532850,149
482453052,149
616318319,149
740183451,149
172425473,149
939903522,149
953846471,149
865547042,149
879462843,150
953824631,150
590872451,150
802898420,150
953804713,150
185638521,150
170732475,150
864016267,150
663999464,150
939788942,150
953730043,150
895288418,150
878949323,150
865031922,150
451776042,150
267363128,150
716188414,150
620147886,150
677812487,150
953659611,150
468172522,150
953642399,150
952832589,150
878162211,150
939678564,150
724790532,151
939659986,151
953605669,151
953579061,151
647630905,151
620889117,151
865289942,151
953527733,151
759445880,151
592302384,151
614014210,151
862171326,151
862091840,151
939570610,151
451949828,151
892950812,151
728726132,151
506102099,151
727697214,151
121473056,151
815815983,151
760136878,151
760137076,151
669567331,151
760134072,151
939497126,152
801201644,152
557809296,152
953419047,152
791670854,152
234063032,152
66217714,152
911784234,152
268776321,152
678710850,152
747184399,152
720082163,152
465020221,152
816439603,152
691989812,152
480532082,152
726106508,152
695293568,152
184843008,152
939388872,152
255619263,152
816398411,152
939382730,152
533229779,152
953303871,152
773927799,153
723236604,153
859672752,153
802454356,153
210162394,153
939299220,153
939297990,153
567443910,153
898193449,153
760007132,153
936389100,153
939234556,153
893101002,153
779427682,153
718732081,153
724588564,153
76477699,153
460319170,153
953090389,153
939140716,153
939140258,153
939139726,153
953088155,153
953087575,153
939138166,153
864834566,154
725969142,154
546652536,154
939073038,154
492605318,154
952932171,154
743518898,154
589084639,154
801010163,154
746260878,154
925868046,154
784385424,154
631813353,154
952855457,154
608854776,154
465446351,154
952817225,154
753155780,154
560357925,154
938849042,154
485704202,154
864620226,154
882681913,154
922734892,154
694615621,154
677426715,155
151449306,155
587972517,155
773704557,155
726093443,155
574266305,155
256225945,155
240483048,155
846748500,155
533741112,155
938724010,155
531715095,155
263911951,155
864497618,155
864473510,155
233147437,155
651103970,155
384824468,155
925631438,155
938568512,155
789974742,155
602615915,155
759738560,155
801861662,155
618613887,155
658039812,156
580087747,156
864340664,156
503102280,156
530852851,156
938445390,156
938463016,156
938460068,156
615056439,156
264562531,156
877893427,156
938384756,156
747091263,156
733231526,156
938307208,156
937539814,156
281169370,156
936234966,156
938282730,156
848023921,156
251632552,156
773521827,156
938233598,156
938217510,156
582381678,156
266922286,157
728048866,157
878019181,157
952023985,157
952022339,157
185005068,157
505803121,157
217360049,157
218091946,157
218090281,157
217360787,157
951941515,157
293289691,157
951939691,157
935210084,157
861473458,157
688219655,157
607635663,157
719775467,157
771928605,157
937928562,157
221799556,157
937918202,157
951863493,157
937914002,157
937913234,158
846244787,158
587687867,158
265963968,158
937843208,158
951785289,158
937834594,158
937830000,158
263796471,158
643732767,158
586662163,158
751348456,158
863543464,158
951734275,158
877786317,158
77113551,158
821726767,158
857444492,158
864547562,158
725454960,158
619723580,158
620685337,158
479587598,158
937317374,158
937699658,158
773335093,159
107261250,159
200661771,159
937684574,159
937681374,159
759452898,159
773326225,159
151748925,159
756700996,159
190937664,159
773318787,159
937643616,159
495189038,159
687778712,159
500487479,159
618144750,159
77943170,159
663128662,159
290056829,159
618260004,159
822836252,159
773281841,159
949501849,159
902869558,159
645237363,159
937482112,160
951395761,160
570397286,160
280224818,160
921267766,160
603366320,160
784526830,160
546540551,160
232979666,160
728566900,160
694163282,160
676783891,160
618605481,160
705873449,160
876549567,160
817274066,160
877457031,160
558007170,160
778553858,160
228180580,160
937135200,160
937228174,160
951174837,160
227047489,160
184259248,160
872678783,161
935907470,161
706048260,161
504969103,161
219501985,161
651695860,161
663710974,161
739025481,161
739018401,161
811479174,161
856426202,161
188220219,161
759200796,161
950949001,161
950948315,161
950946667,161
950945099,161
950945581,161
568394491,161
679035170,161
618819991,161
950944235,161
936997156,161
704021685,161
950940307,161
936993804,162
936992174,162
936989848,162
759189384,162
611046671,162
814114301,162
936947660,162
651675683,162
597453055,162
233835573,162
738948237,162
563687600,162
558778819,162
933220185,162
935595713,162
863253590,162
589141025,162
837852014,162
169754388,162
950730799,162
936140984,162
218387764,162
936861742,162
645038719,162
950780275,162
950779225,163
936809158,163
458353416,163
936706644,163
784372534,163
247544359,163
123195237,163
645167821,163
614025662,163
772945539,163
660309525,163
743975698,163
696079330,163
800488766,163
102877658,163
152303909,163
950494229,163
266328714,163
936560810,163
950473391,163
212633109,163
791005353,163
609934902,163
467992379,163
882027157,163
950394669,164
936448618,164
452643146,164
950382475,164
912814574,164
936400030,164
114815032,164
946350521,164
803508017,164
525459974,164
950077463,164
783053968,164
703293790,164
950281143,164
242735703,164
758920258,164
619723084,164
633558417,164
663939797,164
120433683,164
209138277,164
738718757,164
950199009,164
178489556,164
772385999,164
155118392,165
520569440,165
615180935,165
850794784,165
936217146,165
738700417,165
738701505,165
724840562,165
694580016,165
724838840,165
761764725,165
843884614,165
614400652,165
643353849,165
468134682,165
223302962,165
876626413,165
936135278,165
800253768,165
293487805,165
865143930,165
698345227,165
875052163,165
861220524,165
936071768,165
633767031,166
796666257,166
633767029,166
587065199,166
949984735,166
862587444,166
949902603,166
864548972,166
893291023,166
827526495,166
201507745,166
800131554,166
257382908,166
163025769,166
252786833,166
861946128,166
753451174,166
69866462,166
464915026,166
544559010,166
478400257,166
873169573,166
862453316,166
515624704,166
949701831,166
934938532,167
722471231,167
171289995,167
949640695,167
895484389,167
801073036,167
949313365,167
207622254,167
767339965,167
679460092,167
604961148,167
532531164,167
208014338,167
949574793,167
949569025,167
116572072,167
935595438,167
949540715,167
935589826,167
935587424,167
935586724,167
769552469,167
949532005,167
935581834,167
935578778,167
949523805,168
949510897,168
115479128,168
119411365,168
197746894,168
614273937,168
712183806,168
191243127,168
616910512,168
935542052,168
768571600,168
679703345,168
737752093,168
799885962,168
120642910,168
162420930,168
689867557,168
861981644,168
463388020,168
876135673,168
856878596,168
935487454,168
193204329,168
95633570,168
473569951,168
624516798,169
513027464,169
720555017,169
949337405,169
281208850,169
762681552,169
935379312,169
771679331,169
944297849,169
813658433,169
180811870,169
115002107,169
211617439,169
935255976,169
614883249,169
813588035,169
491489026,169
770434233,169
949178851,169
515760983,169
949144151,169
220081830,169
615139227,169
934905601,169
66420513,169
681822726,170
948978193,170
584775827,170
935091726,170
279759224,170
935072022,170
949013347,170
883075370,170
572848286,170
799109466,170
478133121,170
478137197,170
478000531,170
478130669,170
478123059,170
478003423,170
464638790,170
464634560,170
464636394,170
464623212,170
263177341,170
947801909,170
854277639,170
187452287,170
873780301,170
923707411,171
934987486,171
618165233,171
718739347,171
611017666,171
756698432,171
280536486,171
248247222,171
454633088,171
934942912,171
948875905,171
724408690,171
875049843,171
930453096,171
270464082,171
934895316,171
934892968,171
775167625,171
287525469,171
189058875,171
188999854,171
188185050,171
188185024,171
188191663,171
733325192,171
600519346,172
189058883,172
864689297,172
599811076,172
948704693,172
257181539,172
948698249,172
934753652,172
934753342,172
948698031,172
948698003,172
948697491,172
934750460,172
948694799,172
948694341,172
948693437,172
948692775,172
934743420,172
912716716,172
934744000,172
934743446,172
452779608,172
948674783,172
575911584,172
948666279,172
795817901,173
832308306,173
188038730,173
268797843,173
675895793,173
884164787,173
875351287,173
915369510,173
843429774,173
400740823,173
263209810,173
773098839,173
175981371,173
645014086,173
640748679,173
813044175,173
250881807,173
705909496,173
758148640,173
934525382,173
738096561,173
624710711,173
934502344,173
934500494,173
827578106,173
234161839,174
948430265,174
708131369,174
461681166,174
472250245,174
771467603,174
861209928,174
874809039,174
521865445,174
874796089,174
948348573,174
948347103,174
852443254,174
812869107,174
481666761,174
553650148,174
861188460,174
161112434,174
677768310,174
934323058,174
893583724,174
205009542,174
253945974,174
662413869,174
934266450,174
630444848,175
812779159,175
948194297,175
948184773,175
661867616,175
675711247,175
812755807,175
768526069,175
771894741,175
939802297,175
925868102,175
939800429,175
661863786,175
491640282,175
553127149,175
931084420,175
948115613,175
947763275,175
812697177,175
287999783,175
507363506,175
67840139,175
736443020,175
934108744,175
934073072,175
934071046,176
934066716,176
948006009,176
855005052,176
526244656,176
860808486,176
860882936,176
522634963,176
859646687,176
576038312,176
780413242,176
831675284,176
944348605,176
238973381,176
933911334,176
757872780,176
942595919,176
771737601,176
451043108,176
693294448,176
661704350,176
947770663,176
675546123,176
947766483,176
515740893,176
543217425,177
690618740,177
812414471,177
798524058,177
732137960,177
874613299,177
816454670,177
599573098,177
599572596,177
848602547,177
928714858,177
70018127,177
490925632,177
668570630,177
946856969,177
661659332,177
933731336,177
933736840,177
645852265,177
847667492,177
926702247,177
933727770,177
798422962,177
874543129,177
187712866,177
745719011,178
878483049,178
703044548,178
947617831,178
214598823,178
170315515,178
267045007,178
808928039,178
258871164,178
193270408,178
947522397,178
930833320,178
188825451,178
771471751,178
947430929,178
782367710,178
874373323,178
130797460,178
661539339,178
933490726,178
848326644,178
879070802,178
945113761,178
746933055,178
933432648,178
583865457,179
947318539,179
798176952,179
127574387,179
757658522,179
933339676,179
947282447,179
176780498,179
589217490,179
868275141,179
765069725,179
661484854,179
523086015,179
228571345,179
921295892,179
878459521,179
926058773,179
536847900,179
471724627,179
674941541,179
503051985,179
675303165,179
462892917,179
933199298,179
563105094,179
947137739,180
947129167,180
71733497,180
586046345,180
933179722,180
69847402,180
114167507,180
174644702,180
94525155,180
933147740,180
201264745,180
886403755,180
730773107,180
527376687,180
933109876,180
859859142,180
947036071,180
624276379,180
765425912,180
247512005,180
933066590,180
860121054,180
263070441,180
757526456,180
811768027,180
933026462,181
461603188,181
667075877,181
946946175,181
857955026,181
857442490,181
871936315,181
873984073,181
946910699,181
548585884,181
572118918,181
946874727,181
103881744,181
626422468,181
616276623,181
468484592,181
932867474,181
873901725,181
906891104,181
932814778,181
614005185,181
597164101,181
859691446,181
636354689,181
191595104,181
873036333,182
595109469,182
767150695,182
946561709,182
932590896,182
946528895,182
572007868,182
946488949,182
216400012,182
212240180,182
744590603,182
202758262,182
645499557,182
558741136,182
674979607,182
503337626,182
272280700,182
737226471,182
602418201,182
601910397,182
654116662,182
768072226,182
865861227,182
946348355,182
946343287,182
196896516,183
182935096,183
206939770,183
838390801,183
772529443,183
692687456,183
748569164,183
838913901,183
750184893,183
188185008,183
593179537,183
946224691,183
797255714,183
770542477,183
176565045,183
946194661,183
53826065,183
857729980,183
811101527,183
853275946,183
771088439,183
771087855,183
757206068,183
771087429,183
757204748,183
796963876,184
932214568,184
946149183,184
888559820,184
580469572,184
757178436,184
757177680,184
224909521,184
821085658,184
859485212,184
160082852,184
124754955,184
932112848,184
218872344,184
804148319,184
921072484,184
189613610,184
873307339,184
945896751,184
862425997,184
616327441,184
931947196,184
613770393,184
125990693,184
215984075,184
817896504,185
945820981,185
755892156,185
858787696,185
859282536,185
931839516,185
629649732,185
731291255,185
557581557,185
577919252,185
770920279,185
660885264,185
457228668,185
767726570,185
577918392,185
497607686,185
280884716,185
781325709,185
658854325,185
796881074,185
945637607,185
913417109,185
194617145,185
650098434,185
558798943,185
770475273,186
795018111,186
945531029,186
695678499,186
192737248,186
931604324,186
808110967,186
931587676,186
618685611,186
944987731,186
127656583,186
931552088,186
97483974,186
583182029,186
945461397,186
548471148,186
624853095,186
721893705,186
882093701,186
931448450,186
889368951,186
875073203,186
271262753,186
931375602,186
707408730,186
931338800,187
945264727,187
902587326,187
945257943,187
931311424,187
810498761,187
943376797,187
929437114,187
599743408,187
548897266,187
722931654,187
887788746,187
736790263,187
804056719,187
578314798,187
613552799,187
945172743,187
120072115,187
931218366,187
872663629,187
268394561,187
743927300,187
577637463,187
706074375,187
692225040,187
931172252,188
769723709,188
699746718,188
691791358,188
945071447,188
200955804,188
931120384,188
931117066,188
945047215,188
926637797,188
482683190,188
944998823,188
945005115,188
931037188,188
510120147,188
931032864,188
944974493,188
931026976,188
601914107,188
944958939,188
507063025,188
576050954,188
654474748,188
385521534,188
650180480,188
292835005,189
857617568,189
462430377,189
627158901,189
720177458,189
387132812,189
236743458,189
944790893,189
944789809,189
758614410,189
944787647,189
944785755,189
944785477,189
930840960,189
642187749,189
171314553,189
930827868,189
930811954,189
567116662,189
930752514,189
944696895,189
858377264,189
873860279,189
242732757,189
944658519,189
585865684,190
654397512,190
629147596,190
84251860,190
620211368,190
585053225,190
771071133,190
660457470,190
792814723,190
724971572,190
872130387,190
930544252,190
930541234,190
756305505,190
683991751,190
738968506,190
931715073,190
183057902,190
930509004,190
764030791,190
734139645,190
290785557,190
674010830,190
820734840,190
756446540,190
944363915,191
180570718,191
169990618,191
803566389,191
605268364,191
619106575,191
674178243,191
660335606,191
660334642,191
814914278,191
521142475,191
944075183,191
260279615,191
513889059,191
240852644,191
475858103,191
239921360,191
856479582,191
857886160,191
196833390,191
457723172,191
463661499,191
735761681,191
721904754,191
721904694,191
631288133,192
944060365,192
866099540,192
521941041,192
497746617,192
939807487,192
930058416,192
741579818,192
871638859,192
674056415,192
207970885,192
938956141,192
667988824,192
628888154,192
736289097,192
758021612,192
873286349,192
275437098,192
871534665,192
768402253,192
871514575,192
599211154,192
473299468,192
890317545,192
740813440,192
929888354,193
943828175,193
494844931,193
929406343,193
601335529,193
512051910,193
907947495,193
165955719,193
593671994,193
292247827,193
286796201,193
809251897,193
559982937,193
929743716,193
829269608,193
281752700,193
529306577,193
233837683,193
786293025,193
810357340,193
769639225,193
121273288,193
611768016,193
271947644,193
239076234,193
527261762,194
924014846,194
929437290,194
78531050,194
245161496,194
943434673,194
929488110,194
292179213,194
929477218,194
943416409,194
636817500,194
943388971,194
246216910,194
928596142,194
595853593,194
928595974,194
853871616,194
895159431,194
223851166,194
755966104,194
755965592,194
769847577,194
67955679,194
755962916,194
871074319,194
857158948,195
474257812,195
859861636,195
674418862,195
556188865,195
499854733,195
267049211,195
205268912,195
231727417,195
929331692,195
616544710,195
900086438,195
808864851,195
943221257,195
839609926,195
257515921,195
929263932,195
755643924,195
769526331,195
755642692,195
929226822,195
870851571,195
690885506,195
929194450,195
598903916,195
929146316,196
799515619,196
290435935,196
155750986,196
633321796,196
633322434,196
943021457,196
588858991,196
274417706,196
942906261,196
813628329,196
942895945,196
170437132,196
852507669,196
942872657,196
870636541,196
942826139,196
703267838,196
584437905,196
238948177,196
570623714,196
674471008,196
856614468,196
208791823,196
808433885,196
924355940,197
533056926,197
463294239,197
696231405,197
821916089,197
701290437,197
625451772,197
620211775,197
773412622,197
886977838,197
480605377,197
870415657,197
757268996,197
857800441,197
285932625,197
926868460,197
926874544,197
750727639,197
934367261,197
794355626,197
514863096,197
455397008,197
593637272,197
942458621,197
755587562,197
258352267,198
514187631,198
928515278,198
468164350,198
630746879,198
126333065,198
691205922,198
866168451,198
673395791,198
750536133,198
494921650,198
840188309,198
787657170,198
769440927,198
250237201,198
535030429,198
928407728,198
729584569,198
278670868,198
800555874,198
793036541,198
659502816,198
659489276,198
744535597,198
556613163,198
928294648,199
251526876,199
209449406,199
83244128,199
634711381,199
928192354,199
772367671,199
928144740,199
942080235,199
928142394,199
612479224,199
942042855,199
619770721,199
869998141,199
626616838,199
230011250,199
601978722,199
531208052,199
801232901,199
690098772,199
927936372,199
870509910,199
661693849,199
941898793,199
869879103,199
239014469,200
170773228,200
791575791,200
777692694,200
777693056,200
791576757,200
927866798,200
210635052,200
627431668,200
574460792,200
876314047,200
248243643,200
205024414,200
593153432,200
280537414,200
117651785,200
927793274,200
504942012,200
669693839,200
212374845,200
519745368,200
202253759,200
493078068,200
927714932,200
941633361,200